{"errors":[],"warnings":[],"namedChunkGroups":{"app":{"chunks":[6,0,2],"assets":["webpack-runtime-0b6b310b2ade1f70c6b9.js","webpack-runtime-0b6b310b2ade1f70c6b9.js.map","commons-4bbf03b0a26ae2352bd6.js","commons-4bbf03b0a26ae2352bd6.js.map","app-8eeafc094425b7f3495c.js","app-8eeafc094425b7f3495c.js.map"],"children":{},"childAssets":{}},"component---src-pages-404-js":{"chunks":[1,0,3],"assets":["styles.78407a1ec763ddcdcf4a.css","styles-c5c4234a6d14e2f05fbd.js","styles-c5c4234a6d14e2f05fbd.js.map","commons-4bbf03b0a26ae2352bd6.js","commons-4bbf03b0a26ae2352bd6.js.map","component---src-pages-404-js-937d1b115ca56d3e6694.js","component---src-pages-404-js-937d1b115ca56d3e6694.js.map"],"children":{},"childAssets":{}},"component---src-pages-index-js":{"chunks":[1,0,4],"assets":["styles.78407a1ec763ddcdcf4a.css","styles-c5c4234a6d14e2f05fbd.js","styles-c5c4234a6d14e2f05fbd.js.map","commons-4bbf03b0a26ae2352bd6.js","commons-4bbf03b0a26ae2352bd6.js.map","component---src-pages-index-js-a96e1439b3b360d322dc.js","component---src-pages-index-js-a96e1439b3b360d322dc.js.map"],"children":{},"childAssets":{}},"component---src-pages-page-2-js":{"chunks":[1,0,5],"assets":["styles.78407a1ec763ddcdcf4a.css","styles-c5c4234a6d14e2f05fbd.js","styles-c5c4234a6d14e2f05fbd.js.map","commons-4bbf03b0a26ae2352bd6.js","commons-4bbf03b0a26ae2352bd6.js.map","component---src-pages-page-2-js-9091273db8b77923343d.js","component---src-pages-page-2-js-9091273db8b77923343d.js.map"],"children":{},"childAssets":{}}},"assetsByChunkName":{"app":["webpack-runtime-0b6b310b2ade1f70c6b9.js","commons-4bbf03b0a26ae2352bd6.js","app-8eeafc094425b7f3495c.js"],"component---src-pages-404-js":["styles.78407a1ec763ddcdcf4a.css","styles-c5c4234a6d14e2f05fbd.js","commons-4bbf03b0a26ae2352bd6.js","component---src-pages-404-js-937d1b115ca56d3e6694.js"],"component---src-pages-index-js":["styles.78407a1ec763ddcdcf4a.css","styles-c5c4234a6d14e2f05fbd.js","commons-4bbf03b0a26ae2352bd6.js","component---src-pages-index-js-a96e1439b3b360d322dc.js"],"component---src-pages-page-2-js":["styles.78407a1ec763ddcdcf4a.css","styles-c5c4234a6d14e2f05fbd.js","commons-4bbf03b0a26ae2352bd6.js","component---src-pages-page-2-js-9091273db8b77923343d.js"]}}